SPnavn;Analysenavn, kort;Analysenavn, langt;NPU;Enhed;Lnorm;Hnorm;Cdpct;LL;UL;Group;Class;Sex;AgeToY;Source
"25-OH-vitamin D (D3+D2);P";P—25-Hydroxy-vitamin D (D2+D3);"25-Hydroxy-Vitamin D(D3+D2);P (P—Calcifediol+25-Hydroxyergocalciferol; stofk. = ?)";NPU10267;nmol/L;50;NA;0,42;12;175;Chemistry;Blood;B;200;
"Alanintransaminase [ALAT];P";P—Alanintransaminase [ALAT];"Alanintransaminase [ALAT];P (P—Alanintransaminase; kat.k.(IFCC 2002) = ?)";NPU19651;U/L;1;40;0,54;5;7000;Chemistry;Blood;B;0,083333333333333;
"Alanintransaminase [ALAT];P";P—Alanintransaminase [ALAT];"Alanintransaminase [ALAT];P (P—Alanintransaminase; kat.k.(IFCC 2002) = ?)";NPU19651;U/L;5;45;0,54;5;7000;Chemistry;Blood;B;5;
"Alanintransaminase [ALAT];P";P—Alanintransaminase [ALAT];"Alanintransaminase [ALAT];P (P—Alanintransaminase; kat.k.(IFCC 2002) = ?)";NPU19651;U/L;8;32;0,54;5;7000;Chemistry;Blood;F;18;
"Alanintransaminase [ALAT];P";P—Alanintransaminase [ALAT];"Alanintransaminase [ALAT];P (P—Alanintransaminase; kat.k.(IFCC 2002) = ?)";NPU19651;U/L;10;45;0,54;5;7000;Chemistry;Blood;F;125;
"Alanintransaminase [ALAT];P";P—Alanintransaminase [ALAT];"Alanintransaminase [ALAT];P (P—Alanintransaminase; kat.k.(IFCC 2002) = ?)";NPU19651;U/L;8;27;0,54;5;7000;Chemistry;Blood;M;9;
"Alanintransaminase [ALAT];P";P—Alanintransaminase [ALAT];"Alanintransaminase [ALAT];P (P—Alanintransaminase; kat.k.(IFCC 2002) = ?)";NPU19651;U/L;8;37;0,54;5;7000;Chemistry;Blood;M;14;
"Alanintransaminase [ALAT];P";P—Alanintransaminase [ALAT];"Alanintransaminase [ALAT];P (P—Alanintransaminase; kat.k.(IFCC 2002) = ?)";NPU19651;U/L;8;47;0,54;5;7000;Chemistry;Blood;M;18;
"Alanintransaminase [ALAT];P";P—Alanintransaminase [ALAT];"Alanintransaminase [ALAT];P (P—Alanintransaminase; kat.k.(IFCC 2002) = ?)";NPU19651;U/L;10;70;0,54;5;7000;Chemistry;Blood;M;125;
"Albumin / Kreatinin-ratio;U";"U—Albumin/Kreatinin;ratio";"U—Albumin/Creatininium; masseratio = ? ";NPU19661;× 10<sup>-3</sup>;NA;30;0,9;;;Chemistry;Urin;B;125;
"Albumin;P";P—Albumin;P—Albumin;NPU19673;g/L;26;34;0,1;2;100;Chemistry;Blood;B;1;
"Albumin;P";P—Albumin;P—Albumin;NPU19673;g/L;34;42;0,1;2;100;Chemistry;Blood;B;4;
"Albumin;P";P—Albumin;P—Albumin;NPU19673;g/L;36;48;0,1;2;100;Chemistry;Blood;B;5;
"Albumin;P";P—Albumin;P—Albumin;NPU19673;g/L;39;47;0,1;2;100;Chemistry;Blood;F;14;
"Albumin;P";P—Albumin;P—Albumin;NPU19673;g/L;35;47;0,1;2;100;Chemistry;Blood;F;18;
"Albumin;P";P—Albumin;P—Albumin;NPU19673;g/L;39;50;0,1;2;100;Chemistry;Blood;M;18;
"Albumin;P";P—Albumin;P—Albumin;NPU19673;g/L;36;48;0,1;2;100;Chemistry;Blood;B;40;
"Albumin;P";P—Albumin;P—Albumin;NPU19673;g/L;36;45;0,1;2;100;Chemistry;Blood;B;70;
"Albumin;P";P—Albumin;P—Albumin;NPU19673;g/L;34;45;0,1;2;100;Chemistry;Blood;B;125;
"Albumin;U";U—Albumin;"U-Albumin; massek. = ? ";NPU19677;mg/L;NA;20;0,86;;;Chemistry;Urin;B;200;http://lmv.regionsjaelland.dk/dokument.asp?DokID=214955
"Basisk fosfatase;P";P—Basisk fosfatase;"Basisk fosfatase;P (P—Basisk phosphatase; kat.k.(37 °C; proc.) = ?)";NPU27783;U/L;90;273;0,18;5;1200;Chemistry;Blood;B;0,041095890410959;
"Basisk fosfatase;P";P—Basisk fosfatase;"Basisk fosfatase;P (P—Basisk phosphatase; kat.k.(37 °C; proc.) = ?)";NPU27783;U/L;134;518;0,18;5;1200;Chemistry;Blood;B;0,5;
"Basisk fosfatase;P";P—Basisk fosfatase;"Basisk fosfatase;P (P—Basisk phosphatase; kat.k.(37 °C; proc.) = ?)";NPU27783;U/L;120;470;0,18;5;1200;Chemistry;Blood;B;2;
"Basisk fosfatase;P";P—Basisk fosfatase;"Basisk fosfatase;P (P—Basisk phosphatase; kat.k.(37 °C; proc.) = ?)";NPU27783;U/L;120;290;0,18;5;1200;Chemistry;Blood;B;6;
"Basisk fosfatase;P";P—Basisk fosfatase;"Basisk fosfatase;P (P—Basisk phosphatase; kat.k.(37 °C; proc.) = ?)";NPU27783;U/L;120;370;0,18;5;1200;Chemistry;Blood;B;10;
"Basisk fosfatase;P";P—Basisk fosfatase;"Basisk fosfatase;P (P—Basisk phosphatase; kat.k.(37 °C; proc.) = ?)";NPU27783;U/L;120;440;0,18;5;1200;Chemistry;Blood;B;12;
"Basisk fosfatase;P";P—Basisk fosfatase;"Basisk fosfatase;P (P—Basisk phosphatase; kat.k.(37 °C; proc.) = ?)";NPU27783;U/L;35;105;0,18;5;1200;Chemistry;Blood;B;125;
"Basisk fosfatase;P";P—Basisk fosfatase;"Basisk fosfatase;P (P—Basisk phosphatase; kat.k.(37 °C; proc.) = ?)";NPU27783;U/L;120;390;0,18;5;1200;Chemistry;Blood;F;14;
"Basisk fosfatase;P";P—Basisk fosfatase;"Basisk fosfatase;P (P—Basisk phosphatase; kat.k.(37 °C; proc.) = ?)";NPU27783;U/L;50;270;0,18;5;1200;Chemistry;Blood;F;16;
"Basisk fosfatase;P";P—Basisk fosfatase;"Basisk fosfatase;P (P—Basisk phosphatase; kat.k.(37 °C; proc.) = ?)";NPU27783;U/L;50;120;0,18;5;1200;Chemistry;Blood;F;18;
"Basisk fosfatase;P";P—Basisk fosfatase;"Basisk fosfatase;P (P—Basisk phosphatase; kat.k.(37 °C; proc.) = ?)";NPU27783;U/L;120;530;0,18;5;1200;Chemistry;Blood;M;14;
"Basisk fosfatase;P";P—Basisk fosfatase;"Basisk fosfatase;P (P—Basisk phosphatase; kat.k.(37 °C; proc.) = ?)";NPU27783;U/L;50;420;0,18;5;1200;Chemistry;Blood;M;16;
"Basisk fosfatase;P";P—Basisk fosfatase;"Basisk fosfatase;P (P—Basisk phosphatase; kat.k.(37 °C; proc.) = ?)";NPU27783;U/L;50;280;0,18;5;1200;Chemistry;Blood;M;18;
"Basofilocytter;B";B—Basofilocytter;"Basofilocytter;B (B—Basophilocytter; antalk. = ?)";NPU01349;× 10<sup>9</sup>/L;NA;0,1;0;0;800;Hematology;Blood;B;0,038356164383562;
"Basofilocytter;B";B—Basofilocytter;"Basofilocytter;B (B—Basophilocytter; antalk. = ?)";NPU01349;× 10<sup>9</sup>/L;NA;0,1;0;0;800;Hematology;Blood;B;2;
"Basofilocytter;B";B—Basofilocytter;"Basofilocytter;B (B—Basophilocytter; antalk. = ?)";NPU01349;× 10<sup>9</sup>/L;NA;0,1;0;0;800;Hematology;Blood;B;18;
"Basofilocytter;B";B—Basofilocytter;"Basofilocytter;B (B—Basophilocytter; antalk. = ?)";NPU01349;× 10<sup>9</sup>/L;NA;0,1;0;0;800;Hematology;Blood;B;125;
"beta-2-Glykoprotein 1-IgG;P";P—beta-2-Glycoprotein 1-antistof(IgG);"P—beta-2-Glycoprotein 1-antistof(IgG); arb.stofk.(proc.) = ? ";NPU16397;kU/L;7;10;0,35;;;Immunology;Blood;B;200;http://lmv.regionsjaelland.dk/dokument.asp?DokID=317284
"beta-2-Glykoprotein 1-IgM;P";P—beta-2-Glycoprotein 1-antistof(IgM);"P—beta-2-Glycoprotein 1-antistof(IgM); arb.stofk.(proc.) = ? ";NPU16398;kU/L;7;10;0,36;;;Immunology;Blood;B;200;http://lmv.regionsjaelland.dk/dokument.asp?DokID=317284
"Bilirubiner;P";P—Bilirubiner;P—Bilirubiner;NPU01370;µmol/L;NA;100;0,61;3;1304;Hematology;Blood;B;0,002739726027397;
"Bilirubiner;P";P—Bilirubiner;P—Bilirubiner;NPU01370;µmol/L;NA;250;0,61;3;1304;Hematology;Blood;B;0,019178082191781;
"Bilirubiner;P";P—Bilirubiner;P—Bilirubiner;NPU01370;µmol/L;5;25;0,61;3;1304;Hematology;Blood;B;5;
"Bilirubiner;P";P—Bilirubiner;P—Bilirubiner;NPU01370;µmol/L;3;18;0,61;3;1304;Hematology;Blood;F;18;
"Bilirubiner;P";P—Bilirubiner;P—Bilirubiner;NPU01370;µmol/L;3;20;0,61;3;1304;Hematology;Blood;M;14;
"Bilirubiner;P";P—Bilirubiner;P—Bilirubiner;NPU01370;µmol/L;3;25;0,61;3;1304;Hematology;Blood;M;18;
"Bilirubiner;P";P—Bilirubiner;P—Bilirubiner;NPU01370;µmol/L;5;25;0,61;3;1304;Hematology;Blood;B;125;
"Bindevævssygdom-relateret-Ab [ANA];P";"Bindevævssygdom-relateret-Ab[ANA];P";"P—Bindevævssygdom-relateret antistof;arb.stofk.(proc.) = ?";NPU28402;p.d.e.;0,7;1;0,46;;;Immunology;Blood;B;125;http://lmv.regionsjaelland.dk/dokument.asp?DokID=214771
"C-reaktivt protein [CRP];P";P—C-reaktivt protein [CRP];"C-reaktivt protein [CRP];P (P—C-reaktivt protein; massek. = ?)";NPU19748;mg/L;NA;10;1,17;3;700;Chemistry;Blood;B;200;
"Calcium-ion frit (pH=7,4);P";P—Calcium-ion(frit);"P—Calcium-ion(frit); stofk.(pH = 7,40; proc.) = ?";NPU04144;mmol/L;1,17;1,37;0,079;0,2;5,5;Chemistry;Blood;B;0,005479452054795;
"Calcium-ion frit (pH=7,4);P";P—Calcium-ion(frit);"P—Calcium-ion(frit); stofk.(pH = 7,40; proc.) = ?";NPU04144;mmol/L;1,19;1,47;0,079;0,2;5,5;Chemistry;Blood;B;0,010958904109589;
"Calcium-ion frit (pH=7,4);P";P—Calcium-ion(frit);"P—Calcium-ion(frit); stofk.(pH = 7,40; proc.) = ?";NPU04144;mmol/L;1,24;1,52;0,079;0,2;5,5;Chemistry;Blood;B;0,016438356164384;
"Calcium-ion frit (pH=7,4);P";P—Calcium-ion(frit);"P—Calcium-ion(frit); stofk.(pH = 7,40; proc.) = ?";NPU04144;mmol/L;1,18;1,32;0,079;0,2;5,5;Chemistry;Blood;B;125;
"Calcium;P";P—Calcium;"Calcium;P (P—Calcium(II); stofk. = ?)";NPU01443;mmol/L;2,1;2,62;0,064;0,2;5;Chemistry;Blood;B;1;
"Calcium;P";P—Calcium;"Calcium;P (P—Calcium(II); stofk. = ?)";NPU01443;mmol/L;2,17;2,66;0,064;0,2;5;Chemistry;Blood;B;5;
"Calcium;P";P—Calcium;"Calcium;P (P—Calcium(II); stofk. = ?)";NPU01443;mmol/L;2,26;2,58;0,064;0,2;5;Chemistry;Blood;F;14;
"Calcium;P";P—Calcium;"Calcium;P (P—Calcium(II); stofk. = ?)";NPU01443;mmol/L;2,22;2,58;0,064;0,2;5;Chemistry;Blood;M;14;
"Calcium;P";P—Calcium;"Calcium;P (P—Calcium(II); stofk. = ?)";NPU01443;mmol/L;1,95;2,58;0,064;0,2;5;Chemistry;Blood;F;18;
"Calcium;P";P—Calcium;"Calcium;P (P—Calcium(II); stofk. = ?)";NPU01443;mmol/L;2,1;2,58;0,064;0,2;5;Chemistry;Blood;M;18;
"Calcium;P";P—Calcium;"Calcium;P (P—Calcium(II); stofk. = ?)";NPU01443;mmol/L;2,15;2,51;0,064;0,2;5;Chemistry;Blood;B;125;
"Cardiolipin-IgG;P";P—Cardiolipin-antistof(IgG);"P—Cardiolipin-antistof(IgG); arb.stofk.(proc.) = ?";NPU12020;kU/L;10;40;0,37;;;Immunology;Blood;B;125;http://lmv.regionsjaelland.dk/dokument.asp?DokID=241209
"Cardiolipin-IgM;P";P—Cardiolipin-antistof(IgM);"P—Cardiolipin-antistof(IgM); arb.stofk.(proc.) = ?";NPU12021;kU/L;10;40;0,37;;;Immunology;Blood;B;125;http://lmv.regionsjaelland.dk/dokument.asp?DokID=241209
eGFR / 1,73m²(CKD-EPI);eGFR / 1,73m²(CKD-EPI);"eGFR / 1,73m²(CKD-EPI) (Nyre—Glomerulær filtration; vol.hast.(ovfl.=1,73 m²; CKD-EPIkrea; DSKB-DNS-DPS 2015) = ?)";DNK35302;mL/min;60;NA;0;;;Chemistry;Kidney;B;200;
"Eosinofilocytter;B";B—Eosinofilocytter;"Eosinofilocytter;B (B—Eosinophilocytter; antalk. = ?)";NPU01933;× 10<sup>9</sup>/L;NA;0,9;0,62;;;Hematology;Blood;B;0,166666666666667;
"Eosinofilocytter;B";B—Eosinofilocytter;"Eosinofilocytter;B (B—Eosinophilocytter; antalk. = ?)";NPU01933;× 10<sup>9</sup>/L;NA;0,5;0,62;;;Hematology;Blood;B;125;
"Erytroblaster;B";B—Erythroblaster;"B—Erythroblaster; antalk. = ?";NPU01943;× 10<sup>9</sup>/L;0;0,01;0;0;20;Hematology;Blood;B;125;
"Erytrocytter, vol.fr.;B";B—Erytrocytter, vol.fr.;"Erytrocytter, vol.fr.;B (B—Erythrocytter; vol.fr. = ?)";NPU01961;NA;0,33;0,59;0,086;0;0,75;Hematology;Blood;B;0,038356164383562;
"Erytrocytter, vol.fr.;B";B—Erytrocytter, vol.fr.;"Erytrocytter, vol.fr.;B (B—Erythrocytter; vol.fr. = ?)";NPU01961;NA;0,27;0,5;0,086;0;0,75;Hematology;Blood;B;0,083333333333333;
"Erytrocytter, vol.fr.;B";B—Erytrocytter, vol.fr.;"Erytrocytter, vol.fr.;B (B—Erythrocytter; vol.fr. = ?)";NPU01961;NA;0,25;0,42;0,086;0;0,75;Hematology;Blood;B;0,166666666666667;
"Erytrocytter, vol.fr.;B";B—Erytrocytter, vol.fr.;"Erytrocytter, vol.fr.;B (B—Erythrocytter; vol.fr. = ?)";NPU01961;NA;0,28;0,42;0,086;0;0,75;Hematology;Blood;B;12;
"Erytrocytter, vol.fr.;B";B—Erytrocytter, vol.fr.;"Erytrocytter, vol.fr.;B (B—Erythrocytter; vol.fr. = ?)";NPU01961;NA;0,32;0,47;0,086;0;0,75;Hematology;Blood;B;18;
"Erytrocytter, vol.fr.;B";B—Erytrocytter, vol.fr.;"Erytrocytter, vol.fr.;B (B—Erythrocytter; vol.fr. = ?)";NPU01961;NA;0,35;0,46;0,086;0;0,75;Hematology;Blood;F;125;
"Erytrocytter, vol.fr.;B";B—Erytrocytter, vol.fr.;"Erytrocytter, vol.fr.;B (B—Erythrocytter; vol.fr. = ?)";NPU01961;NA;0,4;0,5;0,086;0;0,75;Hematology;Blood;M;125;
"Erytrocytter;B";B—Erytrocytter;"Erytrocytter;B (B—Erythrocytter; antalk. = ?)";NPU01960;× 10<sup>12</sup>/L;3,1;5,5;0,096;0;8;Hematology;Blood;B;0,038356164383562;
"Erytrocytter;B";B—Erytrocytter;"Erytrocytter;B (B—Erythrocytter; antalk. = ?)";NPU01960;× 10<sup>12</sup>/L;2,3;5;0,096;0;8;Hematology;Blood;B;0,083333333333333;
"Erytrocytter;B";B—Erytrocytter;"Erytrocytter;B (B—Erythrocytter; antalk. = ?)";NPU01960;× 10<sup>12</sup>/L;2,9;4,7;0,096;0;8;Hematology;Blood;B;0,166666666666667;
"Erytrocytter;B";B—Erytrocytter;"Erytrocytter;B (B—Erythrocytter; antalk. = ?)";NPU01960;× 10<sup>12</sup>/L;3,3;6,6;0,096;0;8;Hematology;Blood;B;18;
"Erytrocytter;B";B—Erytrocytter;"Erytrocytter;B (B—Erythrocytter; antalk. = ?)";NPU01960;× 10<sup>12</sup>/L;3,94;5,16;0,096;0;8;Hematology;Blood;F;125;
"Erytrocytter;B";B—Erytrocytter;"Erytrocytter;B (B—Erythrocytter; antalk. = ?)";NPU01960;× 10<sup>12</sup>/L;4,25;5,71;0,096;0;8;Hematology;Blood;M;125;
"Erytrocytvol. rel. spredning;Erc(B)";Ercs(B)—Erythrocyt-volumener;"Ercs(B)—Erythrocyt-volumener; rel.fordelingsbredde(proc.) = ?";NPU18162;;NA;0,16;0;0;0,75;Hematology;Blood;B;200;
"Erytrocytvolumen (middel) [MCV];B";B—Erytrocytvolumen (middel) [MCV];"Erytrocytvolumen (middel) [MCV];B (B—Erythrocytter; entitisk vol. = ?)";NPU01944;fL;91;106;0,044;;;Hematology;Blood;B;0,038356164383562;
"Erytrocytvolumen (middel) [MCV];B";B—Erytrocytvolumen (middel) [MCV];"Erytrocytvolumen (middel) [MCV];B (B—Erythrocytter; entitisk vol. = ?)";NPU01944;fL;89;103;0,044;;;Hematology;Blood;B;0,083333333333333;
"Erytrocytvolumen (middel) [MCV];B";B—Erytrocytvolumen (middel) [MCV];"Erytrocytvolumen (middel) [MCV];B (B—Erythrocytter; entitisk vol. = ?)";NPU01944;fL;83;96;0,044;;;Hematology;Blood;B;0,166666666666667;
"Erytrocytvolumen (middel) [MCV];B";B—Erytrocytvolumen (middel) [MCV];"Erytrocytvolumen (middel) [MCV];B (B—Erythrocytter; entitisk vol. = ?)";NPU01944;fL;74;88;0,044;;;Hematology;Blood;B;0,5;
"Erytrocytvolumen (middel) [MCV];B";B—Erytrocytvolumen (middel) [MCV];"Erytrocytvolumen (middel) [MCV];B (B—Erythrocytter; entitisk vol. = ?)";NPU01944;fL;70;83;0,044;;;Hematology;Blood;B;2;
"Erytrocytvolumen (middel) [MCV];B";B—Erytrocytvolumen (middel) [MCV];"Erytrocytvolumen (middel) [MCV];B (B—Erythrocytter; entitisk vol. = ?)";NPU01944;fL;71;85;0,044;;;Hematology;Blood;B;6;
"Erytrocytvolumen (middel) [MCV];B";B—Erytrocytvolumen (middel) [MCV];"Erytrocytvolumen (middel) [MCV];B (B—Erythrocytter; entitisk vol. = ?)";NPU01944;fL;74;88;0,044;;;Hematology;Blood;B;12;
"Erytrocytvolumen (middel) [MCV];B";B—Erytrocytvolumen (middel) [MCV];"Erytrocytvolumen (middel) [MCV];B (B—Erythrocytter; entitisk vol. = ?)";NPU01944;fL;77;91;0,044;;;Hematology;Blood;B;18;
"Erytrocytvolumen (middel) [MCV];B";B—Erytrocytvolumen (middel) [MCV];"Erytrocytvolumen (middel) [MCV];B (B—Erythrocytter; entitisk vol. = ?)";NPU01944;fL;82;98;0,044;;;Hematology;Blood;B;200;
"Follitropin [FSH];P";P—Follitropin;"P—Follitropin; arb.stofk.(IRP 78/549; proc.) = ?";NPU04014;IU/L;0,2;11,1;0,32;1;200;Chemistry;Blood;F;11;
"Follitropin [FSH];P";P—Follitropin;"P—Follitropin; arb.stofk.(IRP 78/549; proc.) = ?";NPU04014;IU/L;2,1;11,1;0,32;1;200;Chemistry;Blood;F;15;
"Follitropin [FSH];P";P—Follitropin;"P—Follitropin; arb.stofk.(IRP 78/549; proc.) = ?";NPU04014;IU/L;25,8;134,8;0,32;1;200;Chemistry;Blood;F;125;
"Follitropin [FSH];P";P—Follitropin;"P—Follitropin; arb.stofk.(IRP 78/549; proc.) = ?";NPU04014;IU/L;0,2;3,8;0,32;1;200;Chemistry;Blood;M;11;
"Follitropin [FSH];P";P—Follitropin;"P—Follitropin; arb.stofk.(IRP 78/549; proc.) = ?";NPU04014;IU/L;0,4;4,6;0,32;1;200;Chemistry;Blood;M;17;
"Follitropin [FSH];P";P—Follitropin;"P—Follitropin; arb.stofk.(IRP 78/549; proc.) = ?";NPU04014;IU/L;1,5;12,9;0,32;1;200;Chemistry;Blood;M;19;
"Follitropin [FSH];P";P—Follitropin;"P—Follitropin; arb.stofk.(IRP 78/549; proc.) = ?";NPU04014;IU/L;1,5;12,4;0,32;1;200;Chemistry;Blood;M;125;
"Follitropin [FSH];P";P—Follitropin;"P—Follitropin; arb.stofk.(IRP 78/549; proc.) = ?";NPU04014;IU/L;1,7;21,5;0,32;1;200;Chemistry;Blood;F;50;
"Fosfat;P";P—Phosphat;"P—Phosphat(P;uorganisk)stofk. = ?";NPU03096 ;mmol/L;0,94;2,22;0,23;0,1;6,46;Chemistry;Blood;B;0,005479452054795;
"Fosfat;P";P—Phosphat;"P—Phosphat(P;uorganisk)stofk. = ?";NPU03096 ;mmol/L;1,36;2,26;0,23;0,1;6,46;Chemistry;Blood;B;1;
"Fosfat;P";P—Phosphat;"P—Phosphat(P;uorganisk)stofk. = ?";NPU03096 ;mmol/L;1,16;1,81;0,23;0,1;6,46;Chemistry;Blood;B;5;
"Fosfat;P";P—Phosphat;"P—Phosphat(P;uorganisk)stofk. = ?";NPU03096 ;mmol/L;1,09;1,72;0,23;0,1;6,46;Chemistry;Blood;F;14;
"Fosfat;P";P—Phosphat;"P—Phosphat(P;uorganisk)stofk. = ?";NPU03096 ;mmol/L;0,72;1,49;0,23;0,1;6,46;Chemistry;Blood;F;18;
"Fosfat;P";P—Phosphat;"P—Phosphat(P;uorganisk)stofk. = ?";NPU03096 ;mmol/L;0,76;1,41;0,23;0,1;6,46;Chemistry;Blood;F;125;
"Fosfat;P";P—Phosphat;"P—Phosphat(P;uorganisk)stofk. = ?";NPU03096 ;mmol/L;1,07;1,74;0,23;0,1;6,46;Chemistry;Blood;M;14;
"Fosfat;P";P—Phosphat;"P—Phosphat(P;uorganisk)stofk. = ?";NPU03096 ;mmol/L;0,85;1,74;0,23;0,1;6,46;Chemistry;Blood;M;18;
"Fosfat;P";P—Phosphat;"P—Phosphat(P;uorganisk)stofk. = ?";NPU03096 ;mmol/L;0,71;1,53;0,23;0,1;6,46;Chemistry;Blood;M;50;
"Fosfat;P";P—Phosphat;"P—Phosphat(P;uorganisk)stofk. = ?";NPU03096 ;mmol/L;0,71;1,23;0,23;0,1;6,46;Chemistry;Blood;M;125;
"Glukose, middel (fra HbA1c);P";P—Glukose, middel (fra HbA1c);"Glukose, middel (fra HbA1c);P (P—Glucose; stofk.(gennemsnitlig; Hb A1c; proc.) = ?)";NPU27412;mmol/L;NA;7,7;0;;;Chemistry;Blood;B;200;
"Glukose;P";P—Glucose;"P—Glucose; stofk. = ?";NPU02192;mmol/L;4,2;6,3;0,14;0,5;60;Chemistry;Blood;B;200;
"Hæmoglobin [MCHC];Erc(B)";B—Hæmoglobin [MCHC], Erc;"Hæmoglobin [MCHC];Erc(B) (Ercs(B)—Hæmoglobin(Fe); stofk. = ?)";NPU02321;mmol/L;20;22;0,047;;;Hematology;Blood;B;18;
"Hæmoglobin [MCHC];Erc(B)";B—Hæmoglobin [MCHC], Erc;"Hæmoglobin [MCHC];Erc(B) (Ercs(B)—Hæmoglobin(Fe); stofk. = ?)";NPU02321;mmol/L;19,7;22,2;0,047;;;Hematology;Blood;B;125;
"Hæmoglobin A1c (IFCC);Hb(B)";B—Hæmoglobin A1c;"Hæmoglobin A1c (IFCC);Hb(B) (Hæmoglobin beta kæde(B)—N-(1-deoxyfructos-1-yl)hæmoglobin beta kæde; stoffr. = ?)";NPU27300;mmol/mol;NA;48;0,075;4;304;Hematology;Blood;B;200;
"Hæmoglobin;B";B—Hæmoglobin;"Hæmoglobin;B (B—Hæmoglobin(Fe); stofk. = ?)";NPU02319;mmol/L;6,9;12,4;0,083;0;15,5;Hematology;Blood;B;0,038356164383562;
"Hæmoglobin;B";B—Hæmoglobin;"Hæmoglobin;B (B—Hæmoglobin(Fe); stofk. = ?)";NPU02319;mmol/L;5,7;10,5;0,083;0;15,5;Hematology;Blood;B;0,083333333333333;
"Hæmoglobin;B";B—Hæmoglobin;"Hæmoglobin;B (B—Hæmoglobin(Fe); stofk. = ?)";NPU02319;mmol/L;5,4;8,9;0,083;0;15,5;Hematology;Blood;B;0,166666666666667;
"Hæmoglobin;B";B—Hæmoglobin;"Hæmoglobin;B (B—Hæmoglobin(Fe); stofk. = ?)";NPU02319;mmol/L;6;8,3;0,083;0;15,5;Hematology;Blood;B;2;
"Hæmoglobin;B";B—Hæmoglobin;"Hæmoglobin;B (B—Hæmoglobin(Fe); stofk. = ?)";NPU02319;mmol/L;6,5;8,9;0,083;0;15,5;Hematology;Blood;B;12;
"Hæmoglobin;B";B—Hæmoglobin;"Hæmoglobin;B (B—Hæmoglobin(Fe); stofk. = ?)";NPU02319;mmol/L;6,6;9,9;0,083;0;15,5;Hematology;Blood;B;18;
"Hæmoglobin;B";B—Hæmoglobin;"Hæmoglobin;B (B—Hæmoglobin(Fe); stofk. = ?)";NPU02319;mmol/L;7,3;9,5;0,083;0;15,5;Hematology;Blood;F;125;
"Hæmoglobin;B";B—Hæmoglobin;"Hæmoglobin;B (B—Hæmoglobin(Fe); stofk. = ?)";NPU02319;mmol/L;8,3;10,5;0,083;0;15,5;Hematology;Blood;M;125;
"Hæmoglobin;F";Blod i fæces;"F—Hæmoglobin; arb.stofk.(proc.)= ? ";NPU29057;µg/L;NA;100;0;;;Hematology;Feces;B;125;http://lmv.regionsjaelland.dk/dokument.asp?DokID=389519
"Hæmoglobinindhold [MCH];Erc(B)";B—Hæmoglobinindhold [MCH], Erc;"Hæmoglobinindhold [MCH];Erc(B) (Ercs(B)—Hæmoglobin(Fe); entitisk stofm. = ?)";NPU02320;fmol;2;2,2;0,049;;;Hematology;Blood;B;0,038356164383562;
"Hæmoglobinindhold [MCH];Erc(B)";B—Hæmoglobinindhold [MCH], Erc;"Hæmoglobinindhold [MCH];Erc(B) (Ercs(B)—Hæmoglobin(Fe); entitisk stofm. = ?)";NPU02320;fmol;1,9;2,1;0,049;;;Hematology;Blood;B;0,083333333333333;
"Hæmoglobinindhold [MCH];Erc(B)";B—Hæmoglobinindhold [MCH], Erc;"Hæmoglobinindhold [MCH];Erc(B) (Ercs(B)—Hæmoglobin(Fe); entitisk stofm. = ?)";NPU02320;fmol;1,8;2;0,049;;;Hematology;Blood;B;0,166666666666667;
"Hæmoglobinindhold [MCH];Erc(B)";B—Hæmoglobinindhold [MCH], Erc;"Hæmoglobinindhold [MCH];Erc(B) (Ercs(B)—Hæmoglobin(Fe); entitisk stofm. = ?)";NPU02320;fmol;1,5;1,8;0,049;;;Hematology;Blood;B;0,5;
"Hæmoglobinindhold [MCH];Erc(B)";B—Hæmoglobinindhold [MCH], Erc;"Hæmoglobinindhold [MCH];Erc(B) (Ercs(B)—Hæmoglobin(Fe); entitisk stofm. = ?)";NPU02320;fmol;1,4;1,7;0,049;;;Hematology;Blood;B;2;
"Hæmoglobinindhold [MCH];Erc(B)";B—Hæmoglobinindhold [MCH], Erc;"Hæmoglobinindhold [MCH];Erc(B) (Ercs(B)—Hæmoglobin(Fe); entitisk stofm. = ?)";NPU02320;fmol;1,5;1,7;0,049;;;Hematology;Blood;B;6;
"Hæmoglobinindhold [MCH];Erc(B)";B—Hæmoglobinindhold [MCH], Erc;"Hæmoglobinindhold [MCH];Erc(B) (Ercs(B)—Hæmoglobin(Fe); entitisk stofm. = ?)";NPU02320;fmol;1,6;1,8;0,049;;;Hematology;Blood;B;12;
"Hæmoglobinindhold [MCH];Erc(B)";B—Hæmoglobinindhold [MCH], Erc;"Hæmoglobinindhold [MCH];Erc(B) (Ercs(B)—Hæmoglobin(Fe); entitisk stofm. = ?)";NPU02320;fmol;1,6;1,9;0,049;;;Hematology;Blood;B;18;
"Hæmoglobinindhold [MCH];Erc(B)";B—Hæmoglobinindhold [MCH], Erc;"Hæmoglobinindhold [MCH];Erc(B) (Ercs(B)—Hæmoglobin(Fe); entitisk stofm. = ?)";NPU02320;fmol;1,7;2,1;0,049;;;Hematology;Blood;B;200;
"Hæmoglobinindhold;Rtcs(B)";B—Hæmoglobinindhold, Rtc;"Hæmoglobinindhold;Rtc(B) (Rtcs(B)—Hæmoglobin(Fe); entitisk stofm. = ?)";NPU17007;fmol;1,89;2,28;0;;;Hematology;Blood;B;200;
"Immunglobulin A;P";P—Immunglobulin A;"P—Immunglobulin A;massek. = ?";NPU19795;g/L;0,01;0,34;0,16;0,05;64;Immunology;Blood;B;0,25;
"Immunglobulin A;P";P—Immunglobulin A;"P—Immunglobulin A;massek. = ?";NPU19795;g/L;0,05;0,57;0,16;0,05;64;Immunology;Blood;B;0,5;
"Immunglobulin A;P";P—Immunglobulin A;"P—Immunglobulin A;massek. = ?";NPU19795;g/L;0,08;0,91;0,16;0,05;64;Immunology;Blood;B;1,5;
"Immunglobulin A;P";P—Immunglobulin A;"P—Immunglobulin A;massek. = ?";NPU19795;g/L;0,7;4,3;0,16;0,05;64;Immunology;Blood;B;125;
"Immunglobulin A;P";P—Immunglobulin A;"P—Immunglobulin A;massek. = ?";NPU19795;g/L;0,14;1,44;0,16;0,05;64;Immunology;Blood;F;2;
"Immunglobulin A;P";P—Immunglobulin A;"P—Immunglobulin A;massek. = ?";NPU19795;g/L;0,21;1,88;0,16;0,05;64;Immunology;Blood;F;4;
"Immunglobulin A;P";P—Immunglobulin A;"P—Immunglobulin A;massek. = ?";NPU19795;g/L;0,3;2,22;0,16;0,05;64;Immunology;Blood;F;6;
"Immunglobulin A;P";P—Immunglobulin A;"P—Immunglobulin A;massek. = ?";NPU19795;g/L;0,38;2,68;0,16;0,05;64;Immunology;Blood;F;10;
"Immunglobulin A;P";P—Immunglobulin A;"P—Immunglobulin A;massek. = ?";NPU19795;g/L;0,53;2,93;0,16;0,05;64;Immunology;Blood;F;14;
"Immunglobulin A;P";P—Immunglobulin A;"P—Immunglobulin A;massek. = ?";NPU19795;g/L;0,65;3,06;0,16;0,05;64;Immunology;Blood;F;18;
"Immunglobulin A;P";P—Immunglobulin A;"P—Immunglobulin A;massek. = ?";NPU19795;g/L;0,14;1,37;0,16;0,05;64;Immunology;Blood;M;2;
"Immunglobulin A;P";P—Immunglobulin A;"P—Immunglobulin A;massek. = ?";NPU19795;g/L;0,21;1,85;0,16;0,05;64;Immunology;Blood;M;4;
"Immunglobulin A;P";P—Immunglobulin A;"P—Immunglobulin A;massek. = ?";NPU19795;g/L;0,3;2,22;0,16;0,05;64;Immunology;Blood;M;6;
"Immunglobulin A;P";P—Immunglobulin A;"P—Immunglobulin A;massek. = ?";NPU19795;g/L;0,39;2,74;0,16;0,05;64;Immunology;Blood;M;10;
"Immunglobulin A;P";P—Immunglobulin A;"P—Immunglobulin A;massek. = ?";NPU19795;g/L;0,52;3,04;0,16;0,05;64;Immunology;Blood;M;14;
"Immunglobulin A;P";P—Immunglobulin A;"P—Immunglobulin A;massek. = ?";NPU19795;g/L;0,63;3,21;0,16;0,05;64;Immunology;Blood;M;18;
"Immunglobulin G;P";P—Immunglobulin G;"P—Immunglobulin G;massek. = ?";NPU19814;g/L;6,1;14,9;0,14;0,3;275;Immunology;Blood;B;125;
"Immunglobulin G;P";P—Immunglobulin G;"P—Immunglobulin G;massek. = ?";NPU19814;g/L;3,9;17,4;0,14;0,3;275;Immunology;Blood;F;0,083333333333333;
"Immunglobulin G;P";P—Immunglobulin G;"P—Immunglobulin G;massek. = ?";NPU19814;g/L;2,6;10,4;0,14;0,3;275;Immunology;Blood;F;0,166666666666667;
"Immunglobulin G;P";P—Immunglobulin G;"P—Immunglobulin G;massek. = ?";NPU19814;g/L;2;6,8;0,14;0,3;275;Immunology;Blood;F;0,5;
"Immunglobulin G;P";P—Immunglobulin G;"P—Immunglobulin G;massek. = ?";NPU19814;g/L;2,6;9,3;0,14;0,3;275;Immunology;Blood;F;1;
"Immunglobulin G;P";P—Immunglobulin G;"P—Immunglobulin G;massek. = ?";NPU19814;g/L;3,6;12,3;0,14;0,3;275;Immunology;Blood;F;2;
"Immunglobulin G;P";P—Immunglobulin G;"P—Immunglobulin G;massek. = ?";NPU19814;g/L;4,8;13,5;0,14;0,3;275;Immunology;Blood;F;4;
"Immunglobulin G;P";P—Immunglobulin G;"P—Immunglobulin G;massek. = ?";NPU19814;g/L;5,5;14,3;0,14;0,3;275;Immunology;Blood;F;6;
"Immunglobulin G;P";P—Immunglobulin G;"P—Immunglobulin G;massek. = ?";NPU19814;g/L;6,1;15,3;0,14;0,3;275;Immunology;Blood;F;10;
"Immunglobulin G;P";P—Immunglobulin G;"P—Immunglobulin G;massek. = ?";NPU19814;g/L;6,9;15,6;0,14;0,3;275;Immunology;Blood;F;14;
"Immunglobulin G;P";P—Immunglobulin G;"P—Immunglobulin G;massek. = ?";NPU19814;g/L;7,4;15,6;0,14;0,3;275;Immunology;Blood;F;18;
"Immunglobulin G;P";P—Immunglobulin G;"P—Immunglobulin G;massek. = ?";NPU19814;g/L;4;17,7;0,14;0,3;275;Immunology;Blood;M;0,083333333333333;
"Immunglobulin G;P";P—Immunglobulin G;"P—Immunglobulin G;massek. = ?";NPU19814;g/L;2,6;10,5;0,14;0,3;275;Immunology;Blood;M;0,166666666666667;
"Immunglobulin G;P";P—Immunglobulin G;"P—Immunglobulin G;massek. = ?";NPU19814;g/L;2;6,9;0,14;0,3;275;Immunology;Blood;M;0,5;
"Immunglobulin G;P";P—Immunglobulin G;"P—Immunglobulin G;massek. = ?";NPU19814;g/L;2,6;9,5;0,14;0,3;275;Immunology;Blood;M;1;
"Immunglobulin G;P";P—Immunglobulin G;"P—Immunglobulin G;massek. = ?";NPU19814;g/L;3,6;12,1;0,14;0,3;275;Immunology;Blood;M;2;
"Immunglobulin G;P";P—Immunglobulin G;"P—Immunglobulin G;massek. = ?";NPU19814;g/L;4,7;13,3;0,14;0,3;275;Immunology;Blood;M;4;
"Immunglobulin G;P";P—Immunglobulin G;"P—Immunglobulin G;massek. = ?";NPU19814;g/L;5,4;14,1;0,14;0,3;275;Immunology;Blood;M;6;
"Immunglobulin G;P";P—Immunglobulin G;"P—Immunglobulin G;massek. = ?";NPU19814;g/L;5,9;15,1;0,14;0,3;275;Immunology;Blood;M;10;
"Immunglobulin G;P";P—Immunglobulin G;"P—Immunglobulin G;massek. = ?";NPU19814;g/L;6,7;15,3;0,14;0,3;275;Immunology;Blood;M;14;
"Immunglobulin G;P";P—Immunglobulin G;"P—Immunglobulin G;massek. = ?";NPU19814;g/L;7,1;15,3;0,14;0,3;275;Immunology;Blood;M;18;
"Immunglobulin M;P";P—Immunglobulin M;"P—Immunglobulin M;massek. = ?";NPU19825;g/L;0,06;0,66;0,17;0,05;58,5;Immunology;Blood;B;0,246575342465753;
"Immunglobulin M;P";P—Immunglobulin M;"P—Immunglobulin M;massek. = ?";NPU19825;g/L;0,17;1;0,17;0,05;58,5;Immunology;Blood;B;0,5;
"Immunglobulin M;P";P—Immunglobulin M;"P—Immunglobulin M;massek. = ?";NPU19825;g/L;0,39;2,08;0,17;0,05;58,5;Immunology;Blood;B;125;
"Immunglobulin M;P";P—Immunglobulin M;"P—Immunglobulin M;massek. = ?";NPU19825;g/L;0,26;1,5;0,17;0,05;58,5;Immunology;Blood;F;1;
"Immunglobulin M;P";P—Immunglobulin M;"P—Immunglobulin M;massek. = ?";NPU19825;g/L;0,4;1,75;0,17;0,05;58,5;Immunology;Blood;F;2;
"Immunglobulin M;P";P—Immunglobulin M;"P—Immunglobulin M;massek. = ?";NPU19825;g/L;0,47;1,93;0,17;0,05;58,5;Immunology;Blood;F;3;
"Immunglobulin M;P";P—Immunglobulin M;"P—Immunglobulin M;massek. = ?";NPU19825;g/L;0,52;2,08;0,17;0,05;58,5;Immunology;Blood;F;5;
"Immunglobulin M;P";P—Immunglobulin M;"P—Immunglobulin M;massek. = ?";NPU19825;g/L;0,56;2,31;0,17;0,05;58,5;Immunology;Blood;F;10;
"Immunglobulin M;P";P—Immunglobulin M;"P—Immunglobulin M;massek. = ?";NPU19825;g/L;0,62;2,48;0,17;0,05;58,5;Immunology;Blood;F;14;
"Immunglobulin M;P";P—Immunglobulin M;"P—Immunglobulin M;massek. = ?";NPU19825;g/L;0,66;2,61;0,17;0,05;58,5;Immunology;Blood;F;18;
"Immunglobulin M;P";P—Immunglobulin M;"P—Immunglobulin M;massek. = ?";NPU19825;g/L;0,26;1,43;0,17;0,05;58,5;Immunology;Blood;M;1;
"Immunglobulin M;P";P—Immunglobulin M;"P—Immunglobulin M;massek. = ?";NPU19825;g/L;0,37;1,56;0,17;0,05;58,5;Immunology;Blood;M;2;
"Immunglobulin M;P";P—Immunglobulin M;"P—Immunglobulin M;massek. = ?";NPU19825;g/L;0,41;1,63;0,17;0,05;58,5;Immunology;Blood;M;3;
"Immunglobulin M;P";P—Immunglobulin M;"P—Immunglobulin M;massek. = ?";NPU19825;g/L;0,43;1,69;0,17;0,05;58,5;Immunology;Blood;M;5;
"Immunglobulin M;P";P—Immunglobulin M;"P—Immunglobulin M;massek. = ?";NPU19825;g/L;0,45;1,79;0,17;0,05;58,5;Immunology;Blood;M;10;
"Immunglobulin M;P";P—Immunglobulin M;"P—Immunglobulin M;massek. = ?";NPU19825;g/L;0,48;1,87;0,17;0,05;58,5;Immunology;Blood;M;14;
"Immunglobulin M;P";P—Immunglobulin M;"P—Immunglobulin M;massek. = ?";NPU19825;g/L;0,5;1,94;0,17;0,05;58,5;Immunology;Blood;M;18;
"Kalium;P";P—Kalium;"Kalium;P (P—Kalium-ion; stofk. = ?)";NPU03230;mmol/L;3,2;5,5;0,13;1,5;10;Chemistry;Blood;B;0,019178082191781;
"Kalium;P";P—Kalium;"Kalium;P (P—Kalium-ion; stofk. = ?)";NPU03230;mmol/L;3,4;6;0,13;1,5;10;Chemistry;Blood;B;0,083333333333333;
"Kalium;P";P—Kalium;"Kalium;P (P—Kalium-ion; stofk. = ?)";NPU03230;mmol/L;3,5;5,6;0,13;1,5;10;Chemistry;Blood;B;0,5;
"Kalium;P";P—Kalium;"Kalium;P (P—Kalium-ion; stofk. = ?)";NPU03230;mmol/L;3,5;6,1;0,13;1,5;10;Chemistry;Blood;B;1;
"Kalium;P";P—Kalium;"Kalium;P (P—Kalium-ion; stofk. = ?)";NPU03230;mmol/L;3,3;4,6;0,13;1,5;10;Chemistry;Blood;B;5;
"Kalium;P";P—Kalium;"Kalium;P (P—Kalium-ion; stofk. = ?)";NPU03230;mmol/L;3,3;4,3;0,13;1,5;10;Chemistry;Blood;B;18;
"Kalium;P";P—Kalium;"Kalium;P (P—Kalium-ion; stofk. = ?)";NPU03230;mmol/L;3,5;4,4;0,13;1,5;10;Chemistry;Blood;B;125;
"Kappa / Lambda-kæde (Ig) frit;P";P—Kappa/Lambda-kæde(Ig) frit;"P—Immunoglobulin kappa-Kæder(frit)/Immunoglobulin lambda-Kæder(frit); masseratio = ?";NPU19608;;0,31;1,6;0;;;Immunology;Blood;B;200;http://lmv.regionsjaelland.dk/dokument.asp?DokID=323500
"Kappa-kæde (Ig) frit;P";P—Kappa-kæde(Ig) frit;"P—Immunoglobulin kappa-Kæder(frit); massek. = ?";NPU19606;mg/L;6,7;22;0,25;;;Immunology;Blood;B;200;http://lmv.regionsjaelland.dk/dokument.asp?DokID=323500
"Karbamid;P";P—Karbamid;P—Karbamid;NPU01459;mmol/L;1,4;5,4;0,34;0,5;120;Chemistry;Kidney;B;0,166666666666667;
"Karbamid;P";P—Karbamid;P—Karbamid;NPU01459;mmol/L;1,8;5,4;0,34;0,5;120;Chemistry;Kidney;B;2;
"Karbamid;P";P—Karbamid;P—Karbamid;NPU01459;mmol/L;2,5;7,5;0,34;0,5;120;Chemistry;Kidney;B;18;
"Karbamid;P";P—Karbamid;P—Karbamid;NPU01459;mmol/L;2,6;6,4;0,34;0,5;120;Chemistry;Kidney;F;50;
"Karbamid;P";P—Karbamid;P—Karbamid;NPU01459;mmol/L;3,2;8,1;0,34;0,5;120;Chemistry;Kidney;M;50;
"Karbamid;P";P—Karbamid;P—Karbamid;NPU01459;mmol/L;3,1;7,9;0,34;0,5;120;Chemistry;Kidney;F;125;
"Karbamid;P";P—Karbamid;P—Karbamid;NPU01459;mmol/L;3,5;8,1;0,34;0,5;120;Chemistry;Kidney;M;125;
"Koag. overflade-induceret [APTT];P";P—Koagulation, overflade-induceret;"P—Koagulation, overflade-induceret; tid(proc.) = ?";NPU01682;s;28;50;0,12;20;240;Chemistry;Blood;B;0,083333333333333;
"Koag. overflade-induceret [APTT];P";P—Koagulation, overflade-induceret;"P—Koagulation, overflade-induceret; tid(proc.) = ?";NPU01682;s;25;37;0,12;20;240;Chemistry;Blood;B;125;
"Koagulationsfaktor II+VII+X [INR];P";INR;"P—Koagulation, vævsfaktor-induceret; rel.tid(aktuel/norm; INR";NPU01685;;NA;1,6;0,29;0,9;8;Hematology;Blood;B;0,083333333333333;
"Koagulationsfaktor II+VII+X [INR];P";INR;"P—Koagulation, vævsfaktor-induceret; rel.tid(aktuel/norm; INR";NPU01685;;NA;1,3;0,29;0,9;8;Hematology;Blood;B;0,5;
"Koagulationsfaktor II+VII+X [INR];P";INR;"P—Koagulation, vævsfaktor-induceret; rel.tid(aktuel/norm; INR";NPU01685;;NA;1,2;0,29;0,9;8;Hematology;Blood;B;125;
"Koagulationsfaktor II+VII+X;P";PP-tid ;"P—Koagulation, vævsfaktor-induceret; arb.stofk.(koag.; proc.) = ? ";NPU18878;p.d.e.;0,7;1,3;0,263;;;Hematology;Blood;B;125;http://lmv.regionsjaelland.dk/dokument.asp?DokID=478536
"Kolesterol HDL;P";P—Kolesterol HDL;"P—Cholesterol+ester, i HDL;stofk. = ? ";NPU01567 ;mmol/L;1;2,7;0,21;0,1;3,8;Chemistry;Blood;F;200;
"Kolesterol HDL;P";P—Kolesterol HDL;"P—Cholesterol+ester, i HDL;stofk. = ? ";NPU01567 ;mmol/L;0,8;2,1;0,21;0,1;3,8;Chemistry;Blood;M;200;
"Kolesterol LDL;P";P—Kolesterol LDL;"P—Cholesterol+ester, i LDL;stofk. = ? ";NPU01568 ;mmol/L;1,2;4,3;0,21;;;Chemistry;Blood;B;29;
"Kolesterol LDL;P";P—Kolesterol LDL;"P—Cholesterol+ester, i LDL;stofk. = ? ";NPU01568 ;mmol/L;1,4;4,7;0,21;;;Chemistry;Blood;B;39;
"Kolesterol LDL;P";P—Kolesterol LDL;"P—Cholesterol+ester, i LDL;stofk. = ? ";NPU01568 ;mmol/L;2;5,3;0,21;;;Chemistry;Blood;B;200;
"Kolesterol VLDL;P";P—Kolesterol VLDL;"P—Cholesterol+ester, i VLDL;stofk. = ? ";NPU01569 ;mmol/L;NA;0,9;0,55;0,45;4,5;Chemistry;Blood;B;200;
"Kolesterol;P";P—Kolesterol;"P—Cholesterol+ester;stofk. = ? ";NPU01566 ;mmol/L;2,9;6,1;0,17;0,1;20,7;Chemistry;Blood;B;29;
"Kolesterol;P";P—Kolesterol;"P—Cholesterol+ester;stofk. = ? ";NPU01566 ;mmol/L;3,3;6,9;0,17;0,1;20,7;Chemistry;Blood;B;49;
"Kolesterol;P";P—Kolesterol;"P—Cholesterol+ester;stofk. = ? ";NPU01566 ;mmol/L;3,9;7,8;0,17;0,1;20,7;Chemistry;Blood;B;200;
"Koriogonadotropin+beta [HCG];P";P—Koriogonadotropin+beta [HCG];"P—Choriogonadotropin+beta-kæder; arb.stofk.(IS 75/589; proc.) = ? ";NPU19579;IU/L;NA;2;0;0,6;1000000;Chemistry;Blood;M;125;
"Koriogonadotropin+beta [HCG];P";P—Koriogonadotropin+beta [HCG];"P—Choriogonadotropin+beta-kæder; arb.stofk.(IS 75/589; proc.) = ? ";NPU19579;IU/L;NA;3;0;0,6;1000000;Chemistry;Blood;F;125;
"Kortikotropin;P";ACTH ;"P—Corticotropin; stofk. = ? ";NPU01785;pmol/L;1,2;16,7;0;;;Chemistry;Blood;B;125;https://www.bohlab.dk/index.php/npu01785
"Kortisol (0 min);P";Synacten-test;P—Kortisol (0 min);NPU04139;nmol/L;420;NA;0,61;3;1750;Chemistry;Blood;B;125;https://www.analysefortegnelsen.dk/AnalyselisteZoom.asp?Type=Praksis&Lok=AUH&ID=NPU04139
"Kortisol (30 min);P";Synacten-test;P—Kortisol (30 min);NPU04140;nmol/L;420;NA;0,61;3;1750;Chemistry;Blood;B;125;https://www.analysefortegnelsen.dk/AnalyselisteZoom.asp?Type=Praksis&Lok=AUH&ID=NPU04139
"Kortisol;P";P—Kortisol;"P—Cortisol;stofk. = ?";NPU01787 ;nmol/L;68;537;0,61;3;1750;Chemistry;Blood;B;125;
"Kreatinin;P";P—Kreatinin;"P—Creatininium; stofk.(enz.) = ?";NPU04998;µmol/L;37;81;0,18;5;2700;Chemistry;Blood;B;0,002739726027397;
"Kreatinin;P";P—Kreatinin;"P—Creatininium; stofk.(enz.) = ?";NPU04998;µmol/L;29;69;0,18;5;2700;Chemistry;Blood;B;0,008219178082192;
"Kreatinin;P";P—Kreatinin;"P—Creatininium; stofk.(enz.) = ?";NPU04998;µmol/L;21;58;0,18;5;2700;Chemistry;Blood;B;0,019178082191781;
"Kreatinin;P";P—Kreatinin;"P—Creatininium; stofk.(enz.) = ?";NPU04998;µmol/L;21;46;0,18;5;2700;Chemistry;Blood;B;0,038356164383562;
"Kreatinin;P";P—Kreatinin;"P—Creatininium; stofk.(enz.) = ?";NPU04998;µmol/L;17;41;0,18;5;2700;Chemistry;Blood;B;0,166666666666667;
"Kreatinin;P";P—Kreatinin;"P—Creatininium; stofk.(enz.) = ?";NPU04998;µmol/L;14;34;0,18;5;2700;Chemistry;Blood;B;1;
"Kreatinin;P";P—Kreatinin;"P—Creatininium; stofk.(enz.) = ?";NPU04998;µmol/L;15;31;0,18;5;2700;Chemistry;Blood;B;3;
"Kreatinin;P";P—Kreatinin;"P—Creatininium; stofk.(enz.) = ?";NPU04998;µmol/L;23;37;0,18;5;2700;Chemistry;Blood;B;5;
"Kreatinin;P";P—Kreatinin;"P—Creatininium; stofk.(enz.) = ?";NPU04998;µmol/L;28;50;0,18;5;2700;Chemistry;Blood;F;9;
"Kreatinin;P";P—Kreatinin;"P—Creatininium; stofk.(enz.) = ?";NPU04998;µmol/L;32;58;0,18;5;2700;Chemistry;Blood;F;11;
"Kreatinin;P";P—Kreatinin;"P—Creatininium; stofk.(enz.) = ?";NPU04998;µmol/L;34;62;0,18;5;2700;Chemistry;Blood;F;14;
"Kreatinin;P";P—Kreatinin;"P—Creatininium; stofk.(enz.) = ?";NPU04998;µmol/L;41;80;0,18;5;2700;Chemistry;Blood;F;18;
"Kreatinin;P";P—Kreatinin;"P—Creatininium; stofk.(enz.) = ?";NPU04998;µmol/L;50;90;0,18;5;2700;Chemistry;Blood;F;125;
"Kreatinin;P";P—Kreatinin;"P—Creatininium; stofk.(enz.) = ?";NPU04998;µmol/L;26;49;0,18;5;2700;Chemistry;Blood;M;9;
"Kreatinin;P";P—Kreatinin;"P—Creatininium; stofk.(enz.) = ?";NPU04998;µmol/L;31;59;0,18;5;2700;Chemistry;Blood;M;11;
"Kreatinin;P";P—Kreatinin;"P—Creatininium; stofk.(enz.) = ?";NPU04998;µmol/L;39;68;0,18;5;2700;Chemistry;Blood;M;14;
"Kreatinin;P";P—Kreatinin;"P—Creatininium; stofk.(enz.) = ?";NPU04998;µmol/L;52;93;0,18;5;2700;Chemistry;Blood;M;18;
"Kreatinin;P";P—Kreatinin;"P—Creatininium; stofk.(enz.) = ?";NPU04998;µmol/L;60;105;0,18;5;2700;Chemistry;Blood;M;125;
"Kreatinin;U";U—Kreatinin;"U—Creatininium; stofk. = ? ";NPU09102;mmol/L;7;18;0,69;;;Chemistry;Urin;B;200;http://lmv.regionsjaelland.dk/dokument.asp?DokID=290535#:~:text=Kreatinin%3BU%3A,Indg%C3%A5r%20i%20beregninger.&text=Kreatin%20syntetiseres%20i%20nyrer%2C%20lever,direkte%20korreleret%20til%20individets%20muskelmasse.
"Laktatdehydrogenase [LDH];P";P—LDH;"P—Laktatdehydrogenase;kat.k.(IFCC 1998)";NPU19658;U/L;125;765;0,24;10;2500;Chemistry;Blood;B;200;
"Laktatdehydrogenase [LDH];P";P—LDH;"P—Laktatdehydrogenase;kat.k.(IFCC 1998)";NPU19658;U/L;155;450;0,24;10;2500;Chemistry;Blood;B;200;
"Laktatdehydrogenase [LDH];P";P—LDH;"P—Laktatdehydrogenase;kat.k.(IFCC 1998)";NPU19658;U/L;100;345;0,24;10;2500;Chemistry;Blood;B;200;
"Laktatdehydrogenase [LDH];P";P—LDH;"P—Laktatdehydrogenase;kat.k.(IFCC 1998)";NPU19658;U/L;157;327;0,24;10;2500;Chemistry;Blood;B;200;
"Laktatdehydrogenase [LDH];P";P—LDH;"P—Laktatdehydrogenase;kat.k.(IFCC 1998)";NPU19658;U/L;121;271;0,24;10;2500;Chemistry;Blood;B;200;
"Laktatdehydrogenase [LDH];P";P—LDH;"P—Laktatdehydrogenase;kat.k.(IFCC 1998)";NPU19658;U/L;105;205;0,24;10;2500;Chemistry;Blood;B;200;
"Laktatdehydrogenase [LDH];P";P—LDH;"P—Laktatdehydrogenase;kat.k.(IFCC 1998)";NPU19658;U/L;115;255;0,24;10;2500;Chemistry;Blood;B;200;
"Lambda-kæde (Ig) frit;P";P—Lambda-kæde(Ig)(frit);"P—Lambda-kæde(Ig)(frit); massek. = ?";NPU19607;mg/L;8,3;27;0,25;;;Immunology;Blood;B;200;http://lmv.regionsjaelland.dk/dokument.asp?DokID=323500
"Leukocytter;B";B—Leukocytter;"Leukocytter;B (B—Leukocytter; antalk. = ?)";NPU02593;× 10<sup>9</sup>/L;5,5;19,3;0,32;0;440;Hematology;Blood;B;0,038356164383562;
"Leukocytter;B";B—Leukocytter;"Leukocytter;B (B—Leukocytter; antalk. = ?)";NPU02593;× 10<sup>9</sup>/L;6,9;19,9;0,32;0;440;Hematology;Blood;B;0,083333333333333;
"Leukocytter;B";B—Leukocytter;"Leukocytter;B (B—Leukocytter; antalk. = ?)";NPU02593;× 10<sup>9</sup>/L;6;16,3;0,32;0;440;Hematology;Blood;B;0,166666666666667;
"Leukocytter;B";B—Leukocytter;"Leukocytter;B (B—Leukocytter; antalk. = ?)";NPU02593;× 10<sup>9</sup>/L;6,2;16,2;0,32;0;440;Hematology;Blood;B;2;
"Leukocytter;B";B—Leukocytter;"Leukocytter;B (B—Leukocytter; antalk. = ?)";NPU02593;× 10<sup>9</sup>/L;4,5;12,5;0,32;0;440;Hematology;Blood;B;12;
"Leukocytter;B";B—Leukocytter;"Leukocytter;B (B—Leukocytter; antalk. = ?)";NPU02593;× 10<sup>9</sup>/L;4,4;10,5;0,32;0;440;Hematology;Blood;B;18;
"Leukocytter;B";B—Leukocytter;"Leukocytter;B (B—Leukocytter; antalk. = ?)";NPU02593;× 10<sup>9</sup>/L;3,5;8,8;0,32;0;440;Hematology;Blood;B;125;
"Lupus antikoagulans;P";P—Lupus antikoagulans;"P—Lupus antikoagulans; arb.k.(0 1 2) = ?";NPU02616;;NA;0;0;;;Chemistry;Blood;B;125;http://lmv.regionsjaelland.dk/dokument.asp?DokID=297609
"Lutropin [LH];P";P—Lutropin;"P—Lutropin;arb.stofk. (IS 80/552)";NPU02618;IU/L;0,2;3;0,21;1;200;Chemistry;Blood;F;11;
"Lutropin [LH];P";P—Lutropin;"P—Lutropin;arb.stofk. (IS 80/552)";NPU02618;IU/L;0,3;6;0,21;1;200;Chemistry;Blood;F;13;
"Lutropin [LH];P";P—Lutropin;"P—Lutropin;arb.stofk. (IS 80/552)";NPU02618;IU/L;0,5;105;0,21;1;200;Chemistry;Blood;F;50;
"Lutropin [LH];P";P—Lutropin;"P—Lutropin;arb.stofk. (IS 80/552)";NPU02618;IU/L;15;NA;0,21;1;200;Chemistry;Blood;F;125;
"Lutropin [LH];P";P—Lutropin;"P—Lutropin;arb.stofk. (IS 80/552)";NPU02618;IU/L;0,3;3;0,21;1;200;Chemistry;Blood;M;11;
"Lutropin [LH];P";P—Lutropin;"P—Lutropin;arb.stofk. (IS 80/552)";NPU02618;IU/L;0,3;6;0,21;1;200;Chemistry;Blood;M;15;
"Lutropin [LH];P";P—Lutropin;"P—Lutropin;arb.stofk. (IS 80/552)";NPU02618;IU/L;0,5;11;0,21;1;200;Chemistry;Blood;M;16;
"Lutropin [LH];P";P—Lutropin;"P—Lutropin;arb.stofk. (IS 80/552)";NPU02618;IU/L;NA;11;0,21;1;200;Chemistry;Blood;M;125;
"Lymfocytter;B";B—Lymfocytter;"Lymfocytter;B (B—Lymphocytter; antalk. = ?)";NPU02636;× 10<sup>9</sup>/L;0,8;9,1;0,3;;;Hematology;Blood;B;0,166666666666667;
"Lymfocytter;B";B—Lymfocytter;"Lymfocytter;B (B—Lymphocytter; antalk. = ?)";NPU02636;× 10<sup>9</sup>/L;1,2;8,8;0,3;;;Hematology;Blood;B;2;
"Lymfocytter;B";B—Lymfocytter;"Lymfocytter;B (B—Lymphocytter; antalk. = ?)";NPU02636;× 10<sup>9</sup>/L;1;4,7;0,3;;;Hematology;Blood;B;12;
"Lymfocytter;B";B—Lymfocytter;"Lymfocytter;B (B—Lymphocytter; antalk. = ?)";NPU02636;× 10<sup>9</sup>/L;1,1;2,8;0,3;;;Hematology;Blood;B;18;
"Lymfocytter;B";B—Lymfocytter;"Lymfocytter;B (B—Lymphocytter; antalk. = ?)";NPU02636;× 10<sup>9</sup>/L;1;3,5;0,3;;;Hematology;Blood;B;125;
"M-komponent; arb.k.(IFE; 0 1) = ?;U";U—M-komponent;"U—M-komponent; arb.k.(proc.; IFE) = ?";NPU28906;;NA;0;;;;Immunology;Blood;B;200;
"M-komponent;P";P—M-komponent(0 1);"P—M-komponent; arb.k.(proc.) = ?";NPU17675;g/L;NA;0;0,253;1;64;Immunology;Blood;B;200;"https://www.analysefortegnelsen.dk/analyselistezoom.asp?Type=&Lok=HEM&ID=NPU17675;http://lmv.regionsjaelland.dk/dokument.asp?DokID=324167"
"M-komponent(0 1);U";U—M-komponent(0 1);"U—M-komponent; arb.k.(proc.) = ?";NPU17676;;NA;0;0;;;Immunology;Urin;B;200;
"Magnesium;P";P—Magnesium;"P—Magnesium(II); stofk. = ?";NPU02647;mmol/L;0,71;0,94;0,1;0,1;4;Chemistry;Blood;B;5;
"Magnesium;P";P—Magnesium;"P—Magnesium(II); stofk. = ?";NPU02647;mmol/L;0,73;0,93;0,1;0,1;4;Chemistry;Blood;F;14;
"Magnesium;P";P—Magnesium;"P—Magnesium(II); stofk. = ?";NPU02647;mmol/L;0,65;0,93;0,1;0,1;4;Chemistry;Blood;F;18;
"Magnesium;P";P—Magnesium;"P—Magnesium(II); stofk. = ?";NPU02647;mmol/L;0,71;0,93;0,1;0,1;4;Chemistry;Blood;M;18;
"Magnesium;P";P—Magnesium;"P—Magnesium(II); stofk. = ?";NPU02647;mmol/L;0,71;0,94;0,1;0,1;4;Chemistry;Blood;B;125;
"Metamyelo.+Myelo.+Promyelocytter;B";B—Metamyelo.+Myelo.+Promyelocytter;"Metamyelo.+Myelo.+Promyelocytter;B (B—Metamyelocytter+Myelocytter+Promyelocytter; antalk. = ?)";NPU26631;× 10<sup>9</sup>/L;0;0,1;0;;;Hematology;Blood;B;125;
"Monocytter;B";B—Monocytter;"Monocytter;B (B—Monocytter; antalk. = ?)";NPU02840;× 10<sup>9</sup>/L;0,1;3;0,54;;;Hematology;Blood;B;0,038356164383562;
"Monocytter;B";B—Monocytter;"Monocytter;B (B—Monocytter; antalk. = ?)";NPU02840;× 10<sup>9</sup>/L;0,2;5;0,54;;;Hematology;Blood;B;0,166666666666667;
"Monocytter;B";B—Monocytter;"Monocytter;B (B—Monocytter; antalk. = ?)";NPU02840;× 10<sup>9</sup>/L;0,3;2;0,54;;;Hematology;Blood;B;2;
"Monocytter;B";B—Monocytter;"Monocytter;B (B—Monocytter; antalk. = ?)";NPU02840;× 10<sup>9</sup>/L;0,3;1,3;0,54;;;Hematology;Blood;B;18;
"Monocytter;B";B—Monocytter;"Monocytter;B (B—Monocytter; antalk. = ?)";NPU02840;× 10<sup>9</sup>/L;0,2;0,8;0,54;;;Hematology;Blood;B;125;
"Natrium;P";P—Natrium;"Natrium;P (P—Natrium-ion; stofk. = ?)";NPU03429;mmol/L;137;144;0,036;95;180;Chemistry;Blood;B;5;
"Natrium;P";P—Natrium;"Natrium;P (P—Natrium-ion; stofk. = ?)";NPU03429;mmol/L;135;147;0,036;95;180;Chemistry;Blood;B;18;
"Natrium;P";P—Natrium;"Natrium;P (P—Natrium-ion; stofk. = ?)";NPU03429;mmol/L;137;144;0,036;95;180;Chemistry;Blood;B;125;
"Neutrofilocytter;B";B—Neutrofilocytter;"Neutrofilocytter;B (B—Neutrophilocytter; antalk. = ?)";NPU02902;× 10<sup>9</sup>/L;1,7;11;0,48;;;Hematology;Blood;B;0,038356164383562;
"Neutrofilocytter;B";B—Neutrofilocytter;"Neutrofilocytter;B (B—Neutrophilocytter; antalk. = ?)";NPU02902;× 10<sup>9</sup>/L;1,3;11;0,48;;;Hematology;Blood;B;0,083333333333333;
"Neutrofilocytter;B";B—Neutrofilocytter;"Neutrofilocytter;B (B—Neutrophilocytter; antalk. = ?)";NPU02902;× 10<sup>9</sup>/L;1,1;6;0,48;;;Hematology;Blood;B;0,166666666666667;
"Neutrofilocytter;B";B—Neutrofilocytter;"Neutrofilocytter;B (B—Neutrophilocytter; antalk. = ?)";NPU02902;× 10<sup>9</sup>/L;1,2;9,6;0,48;;;Hematology;Blood;B;2;
"Neutrofilocytter;B";B—Neutrofilocytter;"Neutrofilocytter;B (B—Neutrophilocytter; antalk. = ?)";NPU02902;× 10<sup>9</sup>/L;1,8;8,9;0,48;;;Hematology;Blood;B;12;
"Neutrofilocytter;B";B—Neutrofilocytter;"Neutrofilocytter;B (B—Neutrophilocytter; antalk. = ?)";NPU02902;× 10<sup>9</sup>/L;2;7,1;0,48;;;Hematology;Blood;B;18;
"Neutrofilocytter;B";B—Neutrofilocytter;"Neutrofilocytter;B (B—Neutrophilocytter; antalk. = ?)";NPU02902;× 10<sup>9</sup>/L;1,6;5,9;0,48;;;Hematology;Blood;B;125;
"Neutrophilocytter (segmentk.+stavk.);B";B—Neutrofilocytter (segmk.+stavk.);B—Neutrofilocytter (segmk.+stavk.);NPU28172;× 10<sup>9</sup>/L;1,7;11,4;0,5;;;Hematology;Blood;B;0,038356164383562;https://www.analysefortegnelsen.dk/AnalyselisteZoom.asp?Lok=AUH&Id=NPU28172
"Neutrophilocytter (segmentk.+stavk.);B";B—Neutrofilocytter (segmk.+stavk.);B—Neutrofilocytter (segmk.+stavk.);NPU28172;× 10<sup>9</sup>/L;1,3;10,7;0,5;;;Hematology;Blood;B;0,082191780821918;https://www.analysefortegnelsen.dk/AnalyselisteZoom.asp?Lok=AUH&Id=NPU28172
"Neutrophilocytter (segmentk.+stavk.);B";B—Neutrofilocytter (segmk.+stavk.);B—Neutrofilocytter (segmk.+stavk.);NPU28172;× 10<sup>9</sup>/L;1,1;6;0,5;;;Hematology;Blood;B;0,166666666666667;https://www.analysefortegnelsen.dk/AnalyselisteZoom.asp?Lok=AUH&Id=NPU28172
"Neutrophilocytter (segmentk.+stavk.);B";B—Neutrofilocytter (segmk.+stavk.);B—Neutrofilocytter (segmk.+stavk.);NPU28172;× 10<sup>9</sup>/L;1,2;9,6;0,5;;;Hematology;Blood;B;2;https://www.analysefortegnelsen.dk/AnalyselisteZoom.asp?Lok=AUH&Id=NPU28172
"Neutrophilocytter (segmentk.+stavk.);B";B—Neutrofilocytter (segmk.+stavk.);B—Neutrofilocytter (segmk.+stavk.);NPU28172;× 10<sup>9</sup>/L;1,8;8,9;0,5;;;Hematology;Blood;B;12;https://www.analysefortegnelsen.dk/AnalyselisteZoom.asp?Lok=AUH&Id=NPU28172
"Neutrophilocytter (segmentk.+stavk.);B";B—Neutrofilocytter (segmk.+stavk.);B—Neutrofilocytter (segmk.+stavk.);NPU28172;× 10<sup>9</sup>/L;2;7,1;0,5;;;Hematology;Blood;B;18;https://www.analysefortegnelsen.dk/AnalyselisteZoom.asp?Lok=AUH&Id=NPU28172
"Neutrophilocytter (segmentk.+stavk.);B";B—Neutrofilocytter (segmk.+stavk.);B—Neutrofilocytter (segmk.+stavk.);NPU28172;× 10<sup>9</sup>/L;2;7;0,5;;;Hematology;Blood;B;200;https://www.analysefortegnelsen.dk/AnalyselisteZoom.asp?Lok=AUH&Id=NPU28172
"Parathyrin [PTH];P";P—Parathyrin;"P—Parathyrin; stofk. = ?";NPU03028;pmol/L;1,1;7,1;0,72;0,1;530;Chemistry;Blood;B;200;
"Progesteron;P";P—Progesteron;"P—Progesteron;stofk. = ?";NPU03242;nmol/L;NA;0,6;0;0,6;191;Chemistry;Blood;B;125;
"Prolactin (PEG-fældet);arb.stofk.;P";P—Prolaktin;"P—Prolactin; arb.stofk. (IS 84/500; proc.) = ?";NPU18247;× 10<sup>-3</sup> IU/L;102;496;0,67;20;;Chemistry;Blood;F;125;
"Prolactin (PEG-fældet);arb.stofk.;P";P—Prolaktin;"P—Prolactin; arb.stofk. (IS 84/500; proc.) = ?";NPU18247;× 10<sup>-3</sup> IU/L;86;324;0,67;20;;Chemistry;Blood;M;125;
"Prolactin (PEG-fældet);arb.stofk.;P";P—Prolaktin;"P—Prolactin; arb.stofk. (IS 84/500; proc.) = ?";NPU18247;× 10<sup>-3</sup> IU/L;24;10000;0,67;20;;Chemistry;Blood;B;0,083333333333333;
"Prolactin (PEG-fældet);arb.stofk.;P";P—Prolaktin;"P—Prolactin; arb.stofk. (IS 84/500; proc.) = ?";NPU18247;× 10<sup>-3</sup> IU/L;110;1270;0,67;20;;Chemistry;Blood;B;1;
"Prolactin (PEG-fældet);arb.stofk.;P";P—Prolaktin;"P—Prolactin; arb.stofk. (IS 84/500; proc.) = ?";NPU18247;× 10<sup>-3</sup> IU/L;64;532;0,67;20;;Chemistry;Blood;B;18;
"Prolaktin;P";P—Prolaktin;"P—Prolactin; arb.stofk. (IS 84/500; proc.) = ?";NPU18247;× 10<sup>-3</sup> IU/L;102;496;0,67;20;;Chemistry;Blood;F;125;
"Prolaktin;P";P—Prolaktin;"P—Prolactin; arb.stofk. (IS 84/500; proc.) = ?";NPU18247;× 10<sup>-3</sup> IU/L;86;324;0,67;20;;Chemistry;Blood;M;125;
"Prolaktin;P";P—Prolaktin;"P—Prolactin; arb.stofk. (IS 84/500; proc.) = ?";NPU18247;× 10<sup>-3</sup> IU/L;24;10000;0,67;20;;Chemistry;Blood;B;0,083333333333333;
"Prolaktin;P";P—Prolaktin;"P—Prolactin; arb.stofk. (IS 84/500; proc.) = ?";NPU18247;× 10<sup>-3</sup> IU/L;110;1270;0,67;20;;Chemistry;Blood;B;1;
"Prolaktin;P";P—Prolaktin;"P—Prolactin; arb.stofk. (IS 84/500; proc.) = ?";NPU18247;× 10<sup>-3</sup> IU/L;64;532;0,67;20;;Chemistry;Blood;B;18;
"Protein;P";"P—Protein; massek.";"P—Protein; massek.";NPU03278;g/L;50;70;0,132;20;240;Chemistry;Urin;B;1;
"Protein;P";"P—Protein; massek.";"P—Protein; massek.";NPU03278;g/L;56;75;0,132;20;240;Chemistry;Urin;B;2;
"Protein;P";"P—Protein; massek.";"P—Protein; massek.";NPU03278;g/L;60;80;0,132;20;240;Chemistry;Urin;B;4;
"Protein;P";"P—Protein; massek.";"P—Protein; massek.";NPU03278;g/L;63;81;0,132;20;240;Chemistry;Urin;B;13;
"Protein;P";"P—Protein; massek.";"P—Protein; massek.";NPU03278;g/L;60;84;0,132;20;240;Chemistry;Urin;B;17;
"Protein;P";"P—Protein; massek.";"P—Protein; massek.";NPU03278;g/L;64;79;0,132;20;240;Chemistry;Urin;B;125;https://www.gentoftehospital.dk/afdelinger-og-klinikker/klinisk-biokemisk-afdeling/metodeblade/P/Protein%20(Plasma).pdf
"Protein;U";U—Protein;"U—Protein; massek. = ?";NPU03958;g/L;NA;0,1;0,98;0,1;6;Chemistry;Urin;B;200;
"Reticulocytter;B";B—Reticulocytter;"Reticulocytter;B (B—Reticulocytter; antalk. = ?)";NPU08694;× 10<sup>9</sup>/L;79;222;0,32;0;720;Hematology;Blood;B;0,019178082191781;
"Reticulocytter;B";B—Reticulocytter;"Reticulocytter;B (B—Reticulocytter; antalk. = ?)";NPU08694;× 10<sup>9</sup>/L;37;120;0,32;0;720;Hematology;Blood;B;0,5;
"Reticulocytter;B";B—Reticulocytter;"Reticulocytter;B (B—Reticulocytter; antalk. = ?)";NPU08694;× 10<sup>9</sup>/L;29;92;0,32;0;720;Hematology;Blood;B;2;
"Reticulocytter;B";B—Reticulocytter;"Reticulocytter;B (B—Reticulocytter; antalk. = ?)";NPU08694;× 10<sup>9</sup>/L;29;83;0,32;0;720;Hematology;Blood;B;6;
"Reticulocytter;B";B—Reticulocytter;"Reticulocytter;B (B—Reticulocytter; antalk. = ?)";NPU08694;× 10<sup>9</sup>/L;37;106;0,32;0;720;Hematology;Blood;B;18;
"Reticulocytter;B";B—Reticulocytter;"Reticulocytter;B (B—Reticulocytter; antalk. = ?)";NPU08694;× 10<sup>9</sup>/L;25;99;0,32;0;720;Hematology;Blood;B;125;
"Reticulocytter;Erc(B)";B—Reticulocytter, Erc;"Reticulocytter;Erc(B) (Ercs(B)—Reticulocytter; antalfr. = ?)";NPU03356;× 10<sup>-3</sup>/L;16;50;0,32;;;Hematology;Blood;B;0,019178082191781;
"Reticulocytter;Erc(B)";B—Reticulocytter, Erc;"Reticulocytter;Erc(B) (Ercs(B)—Reticulocytter; antalfr. = ?)";NPU03356;× 10<sup>-3</sup>/L;3;17;0,32;;;Hematology;Blood;B;2;
"Reticulocytter;Erc(B)";B—Reticulocytter, Erc;"Reticulocytter;Erc(B) (Ercs(B)—Reticulocytter; antalfr. = ?)";NPU03356;× 10<sup>-3</sup>/L;4;16;0,32;;;Hematology;Blood;B;4;
"Reticulocytter;Erc(B)";B—Reticulocytter, Erc;"Reticulocytter;Erc(B) (Ercs(B)—Reticulocytter; antalfr. = ?)";NPU03356;× 10<sup>-3</sup>/L;5;22;0,32;;;Hematology;Blood;B;125;
"Sedimentationsreaktion;B";B—Sedimentationsreaktion;"B—Sedimentationsreaktion; arb.længde(proc.) = ?";NPU17589;p.d.e.;2;20;0;0;139;Hematology;Blood;F;125;
"Sedimentationsreaktion;B";B—Sedimentationsreaktion;"B—Sedimentationsreaktion; arb.længde(proc.) = ?";NPU17589;p.d.e.;2;15;0;0;139;Hematology;Blood;M;125;
"Thyrotropin [TSH];P";P—Thyrotropin [TSH];"Thyrotropin [TSH];P (P—Thyrotropin; arb.stofk.(IRP 80/558; proc.) = ?)";NPU03577;× 10<sup>-3</sup>/L;0,7;15,2;0,81;0,005;100;Chemistry;Blood;B;0,016438356164384;
"Thyrotropin [TSH];P";P—Thyrotropin [TSH];"Thyrotropin [TSH];P (P—Thyrotropin; arb.stofk.(IRP 80/558; proc.) = ?)";NPU03577;× 10<sup>-3</sup>/L;0,72;11;0,81;0,005;100;Chemistry;Blood;B;0,333333333333333;
"Thyrotropin [TSH];P";P—Thyrotropin [TSH];"Thyrotropin [TSH];P (P—Thyrotropin; arb.stofk.(IRP 80/558; proc.) = ?)";NPU03577;× 10<sup>-3</sup>/L;0,73;8,35;0,81;0,005;100;Chemistry;Blood;B;1;
"Thyrotropin [TSH];P";P—Thyrotropin [TSH];"Thyrotropin [TSH];P (P—Thyrotropin; arb.stofk.(IRP 80/558; proc.) = ?)";NPU03577;× 10<sup>-3</sup>/L;0,7;5,97;0,81;0,005;100;Chemistry;Blood;B;6;
"Thyrotropin [TSH];P";P—Thyrotropin [TSH];"Thyrotropin [TSH];P (P—Thyrotropin; arb.stofk.(IRP 80/558; proc.) = ?)";NPU03577;× 10<sup>-3</sup>/L;1,07;5,54;0,81;0,005;100;Chemistry;Blood;F;13;
"Thyrotropin [TSH];P";P—Thyrotropin [TSH];"Thyrotropin [TSH];P (P—Thyrotropin; arb.stofk.(IRP 80/558; proc.) = ?)";NPU03577;× 10<sup>-3</sup>/L;0,66;5,1;0,81;0,005;100;Chemistry;Blood;F;18;
"Thyrotropin [TSH];P";P—Thyrotropin [TSH];"Thyrotropin [TSH];P (P—Thyrotropin; arb.stofk.(IRP 80/558; proc.) = ?)";NPU03577;× 10<sup>-3</sup>/L;1,06;5,8;0,81;0,005;100;Chemistry;Blood;M;18;
"Thyrotropin [TSH];P";P—Thyrotropin [TSH];"Thyrotropin [TSH];P (P—Thyrotropin; arb.stofk.(IRP 80/558; proc.) = ?)";NPU03577;× 10<sup>-3</sup>/L;0,4;4,8;0,81;0,005;100;Chemistry;Blood;B;125;
"Thyrotropinreceptor-Ab [TRAB];P";P—Thyrotropin receptor-antistof;"P-Thyrotropin receptor-antistof;arb.stofk.";NPU17111;p.d.e.;1;1,5;0;;;Chemistry;Blood;B;200;https://www.sundhed.dk/sundhedsfaglig/laegehaandbogen/undersoegelser-og-proever/klinisk-biokemi/blodproever/thyroidea-autoantistoffer-trab-anti-tpo-anti-tg/
"Thyroxin [T4];P";P—Thyroxin;"P—Thyroxin; stofk. = ?";NPU03578;nmol/L;65;239;0,15;5;320;Chemistry;Blood;B;200;
"Thyroxin [T4];P";P—Thyroxin;"P—Thyroxin; stofk. = ?";NPU03578;nmol/L;70;219;0,15;5;320;Chemistry;Blood;B;200;
"Thyroxin [T4];P";P—Thyroxin;"P—Thyroxin; stofk. = ?";NPU03578;nmol/L;73;206;0,15;5;320;Chemistry;Blood;B;200;
"Thyroxin [T4];P";P—Thyroxin;"P—Thyroxin; stofk. = ?";NPU03578;nmol/L;77;189;0,15;5;320;Chemistry;Blood;B;200;
"Thyroxin [T4];P";P—Thyroxin;"P—Thyroxin; stofk. = ?";NPU03578;nmol/L;78;150;0,15;5;320;Chemistry;Blood;B;200;
"Thyroxin [T4];P";P—Thyroxin;"P—Thyroxin; stofk. = ?";NPU03578;nmol/L;79;142;0,15;5;320;Chemistry;Blood;B;200;
"Thyroxin [T4];P";P—Thyroxin;"P—Thyroxin; stofk. = ?";NPU03578;nmol/L;66;123;0,15;5;320;Chemistry;Blood;B;200;
"Thyroxin [T4];P";P—Thyroxin;"P—Thyroxin; stofk. = ?";NPU03578;nmol/L;70;140;0,15;5;320;Chemistry;Blood;B;200;
"Thyroxin frit [T4];P";P—Thyroxin(frit);"P—Thyroxin(frit); stofk. = ?";NPU03579;pmol/L;11;32;0,2;1,3;100;Chemistry;Blood;B;0,016438356164384;
"Thyroxin frit [T4];P";P—Thyroxin(frit);"P—Thyroxin(frit); stofk. = ?";NPU03579;pmol/L;11,5;28,3;0,2;1,3;100;Chemistry;Blood;B;0,333333333333333;
"Thyroxin frit [T4];P";P—Thyroxin(frit);"P—Thyroxin(frit); stofk. = ?";NPU03579;pmol/L;11,9;25,6;0,2;1,3;100;Chemistry;Blood;B;1;
"Thyroxin frit [T4];P";P—Thyroxin(frit);"P—Thyroxin(frit); stofk. = ?";NPU03579;pmol/L;12,3;22,8;0,2;1,3;100;Chemistry;Blood;B;6;
"Thyroxin frit [T4];P";P—Thyroxin(frit);"P—Thyroxin(frit); stofk. = ?";NPU03579;pmol/L;14,5;20,7;0,2;1,3;100;Chemistry;Blood;F;9;
"Thyroxin frit [T4];P";P—Thyroxin(frit);"P—Thyroxin(frit); stofk. = ?";NPU03579;pmol/L;12,7;20,7;0,2;1,3;100;Chemistry;Blood;F;18;
"Thyroxin frit [T4];P";P—Thyroxin(frit);"P—Thyroxin(frit); stofk. = ?";NPU03579;pmol/L;13,4;20,7;0,2;1,3;100;Chemistry;Blood;M;18;
"Thyroxin frit [T4];P";P—Thyroxin(frit);"P—Thyroxin(frit); stofk. = ?";NPU03579;pmol/L;12;22;0,2;1,3;100;Chemistry;Blood;B;125;
"Triglycerid;P";P—Triglycerid;"P—Triglycerid;stofk. = ? ";NPU04094 ;mmol/L;NA;2;0,55;0,1;10;Chemistry;Blood;B;200;
"Triiodthyronin [T3];P";P—Triiodthyronin;"P—Triiodthyronin; stofk. = ?";NPU03624;nmol/L;1,1;4,4;0,28;0,3;10;Chemistry;Blood;B;0,016438356164384;
"Triiodthyronin [T3];P";P—Triiodthyronin;"P—Triiodthyronin; stofk. = ?";NPU03624;nmol/L;1,2;4,2;0,28;0,3;10;Chemistry;Blood;B;0,333333333333333;
"Triiodthyronin [T3];P";P—Triiodthyronin;"P—Triiodthyronin; stofk. = ?";NPU03624;nmol/L;1,3;4,1;0,28;0,3;10;Chemistry;Blood;B;1;
"Triiodthyronin [T3];P";P—Triiodthyronin;"P—Triiodthyronin; stofk. = ?";NPU03624;nmol/L;1,4;3,8;0,28;0,3;10;Chemistry;Blood;B;6;
"Triiodthyronin [T3];P";P—Triiodthyronin;"P—Triiodthyronin; stofk. = ?";NPU03624;nmol/L;1,8;2,9;0,28;0,3;10;Chemistry;Blood;B;13;
"Triiodthyronin [T3];P";P—Triiodthyronin;"P—Triiodthyronin; stofk. = ?";NPU03624;nmol/L;1,2;3,2;0,28;0,3;10;Chemistry;Blood;F;18;
"Triiodthyronin [T3];P";P—Triiodthyronin;"P—Triiodthyronin; stofk. = ?";NPU03624;nmol/L;1,4;2,5;0,28;0,3;10;Chemistry;Blood;M;18;
"Triiodthyronin [T3];P";P—Triiodthyronin;"P—Triiodthyronin; stofk. = ?";NPU03624;nmol/L;1,4;2,8;0,28;0,3;10;Chemistry;Blood;B;125;
"Triiodthyronin frit [T3];P";P—Triiodthyronin(frit);"P—Triiodthyronin(frit); stofk. = ?";NPU03625;pmol/L;2,7;10;0,25;1;50;Chemistry;Blood;B;0,016438356164384;https://www.analysefortegnelsen.dk/AnalyselisteZoom.asp?Type=SKS&Lok=&ID=NPU03625
"Triiodthyronin frit [T3];P";P—Triiodthyronin(frit);"P—Triiodthyronin(frit); stofk. = ?";NPU03625;pmol/L;3;9,3;0,25;1;50;Chemistry;Blood;B;0,25;https://www.analysefortegnelsen.dk/AnalyselisteZoom.asp?Type=SKS&Lok=&ID=NPU03625
"Triiodthyronin frit [T3];P";P—Triiodthyronin(frit);"P—Triiodthyronin(frit); stofk. = ?";NPU03625;pmol/L;3,3;9;0,25;1;50;Chemistry;Blood;B;1;https://www.analysefortegnelsen.dk/AnalyselisteZoom.asp?Type=SKS&Lok=&ID=NPU03625
"Triiodthyronin frit [T3];P";P—Triiodthyronin(frit);"P—Triiodthyronin(frit); stofk. = ?";NPU03625;pmol/L;3,7;8,5;0,25;1;50;Chemistry;Blood;B;6;https://www.analysefortegnelsen.dk/AnalyselisteZoom.asp?Type=SKS&Lok=&ID=NPU03625
"Triiodthyronin frit [T3];P";P—Triiodthyronin(frit);"P—Triiodthyronin(frit); stofk. = ?";NPU03625;pmol/L;3,9;8;0,25;1;50;Chemistry;Blood;B;11;https://www.analysefortegnelsen.dk/AnalyselisteZoom.asp?Type=SKS&Lok=&ID=NPU03625
"Triiodthyronin frit [T3];P";P—Triiodthyronin(frit);"P—Triiodthyronin(frit); stofk. = ?";NPU03625;pmol/L;3,9;7,7;0,25;1;50;Chemistry;Blood;B;20;https://www.analysefortegnelsen.dk/AnalyselisteZoom.asp?Type=SKS&Lok=&ID=NPU03625
"Triiodthyronin frit [T3];P";P—Triiodthyronin(frit);"P—Triiodthyronin(frit); stofk. = ?";NPU03625;pmol/L;3,9;6,8;0,25;1;50;Chemistry;Blood;B;200;https://www.analysefortegnelsen.dk/AnalyselisteZoom.asp?Type=SKS&Lok=&ID=NPU03625
"Trombocytter;B";B—Trombocytter;"Trombocytter;B (B—Thrombocytter; antalk. = ?)";NPU03568;× 10<sup>9</sup>/L;85;590;0,28;0;5000;Hematology;Blood;B;0,038356164383562;
"Trombocytter;B";B—Trombocytter;"Trombocytter;B (B—Thrombocytter; antalk. = ?)";NPU03568;× 10<sup>9</sup>/L;120;555;0,28;0;5000;Hematology;Blood;B;0,083333333333333;
"Trombocytter;B";B—Trombocytter;"Trombocytter;B (B—Thrombocytter; antalk. = ?)";NPU03568;× 10<sup>9</sup>/L;135;620;0,28;0;5000;Hematology;Blood;B;2;
"Trombocytter;B";B—Trombocytter;"Trombocytter;B (B—Thrombocytter; antalk. = ?)";NPU03568;× 10<sup>9</sup>/L;165;435;0,28;0;5000;Hematology;Blood;B;18;
"Trombocytter;B";B—Trombocytter;"Trombocytter;B (B—Thrombocytter; antalk. = ?)";NPU03568;× 10<sup>9</sup>/L;145;390;0,28;0;5000;Hematology;Blood;B;125;
"Tryptase;P";P—Tryptase;"P—Tryptase; mass c. = ?";NPU19926;µg/L;NA;11,4;0;;;Chemistry;Blood;B;125;
"Urinopsamlingstid;Pt";Pt—Urinopsamlingstid;"Pt—Urinopsamling; varighed = ?";NPU10379;h;NA;NA;0;;;Chemistry;Urin;B;200;
"Vitamin B12;P";P—Vitamin B12;"P—Cobalamin; stofk. = ? ";NPU01700 ;pmol/L;NA;200;0,43;111;1475;Chemistry;Blood;B;200;
"Volumen;Pt(U)";U—Volumen;"Pt—Urin; vol.(proc.) = ?";NPU03695;mL;NA;NA;;;;Chemistry;Urin;B;200;
"Østradiol;P";P—Østradiol;"P—Estradiol; stofk. = ?";NPU01972;nmol/L;NA;0,09;0,63;0,09;110;Chemistry;Blood;B;1;
"Østradiol;P";P—Østradiol;"P—Estradiol; stofk. = ?";NPU01972;nmol/L;NA;0,04;0,63;0,09;110;Chemistry;Blood;F;9;
"Østradiol;P";P—Østradiol;"P—Estradiol; stofk. = ?";NPU01972;nmol/L;NA;0,18;0,63;0,09;110;Chemistry;Blood;F;11;
"Østradiol;P";P—Østradiol;"P—Estradiol; stofk. = ?";NPU01972;nmol/L;NA;0,34;0,63;0,09;110;Chemistry;Blood;F;12;
"Østradiol;P";P—Østradiol;"P—Estradiol; stofk. = ?";NPU01972;nmol/L;NA;0,63;0,63;0,09;110;Chemistry;Blood;F;14;
"Østradiol;P";P—Østradiol;"P—Estradiol; stofk. = ?";NPU01972;nmol/L;NA;0,94;0,63;0,09;110;Chemistry;Blood;F;17;
"Østradiol;P";P—Østradiol;"P—Estradiol; stofk. = ?";NPU01972;nmol/L;NA;0,51;0,63;0,09;110;Chemistry;Blood;F;125;
"Østradiol;P";P—Østradiol;"P—Estradiol; stofk. = ?";NPU01972;nmol/L;0,15;1,9;0,63;0,09;110;Chemistry;Blood;F;50;
"Østradiol;P";P—Østradiol;"P—Estradiol; stofk. = ?";NPU01972;nmol/L;NA;0,05;0,63;0,09;110;Chemistry;Blood;M;11;
"Østradiol;P";P—Østradiol;"P—Estradiol; stofk. = ?";NPU01972;nmol/L;NA;0,1;0,63;0,09;110;Chemistry;Blood;M;15;
"Østradiol;P";P—Østradiol;"P—Estradiol; stofk. = ?";NPU01972;nmol/L;NA;0,14;0,63;0,09;110;Chemistry;Blood;M;18;
"Østradiol;P";P—Østradiol;"P—Estradiol; stofk. = ?";NPU01972;nmol/L;0,09;0,22;0,63;0,09;110;Chemistry;Blood;M;125;
"Amylase (Lokal);P";P—Amylase;"P—Amylase, pancreastype;kat.k(IFCC1998)";NPU19653;U/L;10;65;0,33;3;1500;Chemistry;Blood;B;200;
"gamma-Glutamyltransferase;P";P—Gamma-glutamyltransferase;"gamma-Glutamyltransferase;P (P—gamma-Glutamyltransferase; kat.k.(IFCC 2002) = ?)";NPU19657;U/L;10;130;0,37;3;1200;Chemistry;Blood;B;0,5;
"gamma-Glutamyltransferase;P";P—Gamma-glutamyltransferase;"gamma-Glutamyltransferase;P (P—gamma-Glutamyltransferase; kat.k.(IFCC 2002) = ?)";NPU19657;U/L;10;45;0,37;3;1200;Chemistry;Blood;B;18;
"gamma-Glutamyltransferase;P";P—Gamma-glutamyltransferase;"gamma-Glutamyltransferase;P (P—gamma-Glutamyltransferase; kat.k.(IFCC 2002) = ?)";NPU19657;U/L;10;45;0,37;3;1200;Chemistry;Blood;F;40;
"gamma-Glutamyltransferase;P";P—Gamma-glutamyltransferase;"gamma-Glutamyltransferase;P (P—gamma-Glutamyltransferase; kat.k.(IFCC 2002) = ?)";NPU19657;U/L;10;75;0,37;3;1200;Chemistry;Blood;F;125;
"gamma-Glutamyltransferase;P";P—Gamma-glutamyltransferase;"gamma-Glutamyltransferase;P (P—gamma-Glutamyltransferase; kat.k.(IFCC 2002) = ?)";NPU19657;U/L;10;80;0,37;3;1200;Chemistry;Blood;M;40;
"gamma-Glutamyltransferase;P";P—Gamma-glutamyltransferase;"gamma-Glutamyltransferase;P (P—gamma-Glutamyltransferase; kat.k.(IFCC 2002) = ?)";NPU19657;U/L;15;115;0,37;3;1200;Chemistry;Blood;M;125;
